grupo;número;nombre
1.º G;1;
1.º G;2;
1.º G;3;
1.º G;4;
1.º G;5;
1.º G;6;
1.º G;7;
1.º G;8;
1.º G;9;
1.º G;10;
1.º G;11;
1.º G;12;
1.º G;13;
1.º G;14;
1.º G;15;
1.º G;16;
1.º G;17;
1.º G;18;
1.º G;19;
1.º G;20;
1.º G;21;
1.º G;22;
1.º G;23;
1.º G;24;
1.º G;25;
2.º E;1;
2.º E;2;
2.º E;3;
2.º E;4;
2.º E;5;
2.º E;6;
2.º E;7;
2.º E;8;
2.º E;9;
2.º E;10;
2.º E;11;
2.º E;12;
2.º E;13;
2.º E;14;
2.º E;15;
2.º E;16;
2.º E;17;
2.º E;18;
2.º E;19;
2.º E;20;
2.º E;21;
2.º E;22;
2.º E;23;
2.º E;24;
2.º E;25;
Codocència 2.º F;1;
Codocència 2.º F;2;
Codocència 2.º F;3;
Codocència 2.º F;4;
Codocència 2.º F;5;
Codocència 2.º F;6;
Codocència 2.º F;7;
Codocència 2.º F;8;
Codocència 2.º F;9;
Codocència 2.º F;10;
Codocència 2.º F;11;
Codocència 2.º F;12;
Codocència 2.º F;13;
Codocència 2.º F;14;
Codocència 2.º F;15;
Codocència 2.º F;16;
Codocència 2.º F;17;
Codocència 2.º F;18;
Codocència 2.º F;19;
Codocència 2.º F;20;
Codocència 2.º F;21;
Codocència 2.º F;22;
Codocència 2.º F;23;
Codocència 2.º F;24;
Codocència 2.º F;25;
Codocència 2.º G;1;
Codocència 2.º G;2;
Codocència 2.º G;3;
Codocència 2.º G;4;
Codocència 2.º G;5;
Codocència 2.º G;6;
Codocència 2.º G;7;
Codocència 2.º G;8;
Codocència 2.º G;9;
Codocència 2.º G;10;
Codocència 2.º G;11;
Codocència 2.º G;12;
Codocència 2.º G;13;
Codocència 2.º G;14;
Codocència 2.º G;15;
Codocència 2.º G;16;
Codocència 2.º G;17;
Codocència 2.º G;18;
Codocència 2.º G;19;
Codocència 2.º G;20;
Codocència 2.º G;21;
Codocència 2.º G;22;
Codocència 2.º G;23;
Codocència 2.º G;24;
Codocència 2.º G;25;
AE 2.º E;1;
AE 2.º E;2;
AE 2.º E;3;
AE 2.º E;4;
AE 2.º E;5;
AE 2.º E;6;
AE 2.º E;7;
AE 2.º E;8;
AE 2.º E;9;
AE 2.º E;10;
AE 2.º E;11;
AE 2.º E;12;
AE 2.º E;13;
AE 2.º E;14;
AE 2.º E;15;
AE 2.º E;16;
AE 2.º E;17;
AE 2.º E;18;
AE 2.º E;19;
AE 2.º E;20;
AE 2.º E;21;
AE 2.º E;22;
AE 2.º E;23;
AE 2.º E;24;
AE 2.º E;25;
